<?xml version="1.0" encoding="UTF-8"?>
<configuration>
    <property name="log.dir" value="${cdr_transform.home}/log/" />
<!--    <property name="log.dir" value="/app/bighead/CDR_Transform/log/" />-->
    <timestamp key="ymd" datePattern="yyyy-MM-dd"/>
    <timestamp key="byMillionSecond" datePattern="HH_mm_ss"/>

    <!-- 控制台输出 -->
    <appender name="STDOUT" class="ch.qos.logback.core.ConsoleAppender">
        <Encoding>UTF-8</Encoding>
        <encoder class="ch.qos.logback.classic.encoder.PatternLayoutEncoder">
            <pattern>%d{yyyy-MM-dd HH:mm:ss.SSS} [%thread] %-5level %logger{0} - %msg%n
            </pattern>
        </encoder>
    </appender>

    <appender name="FILE" class="ch.qos.logback.core.FileAppender">
        <encoder>UTF-8</encoder>
        <file>${log.dir}/info_${ymd}_${byMillionSecond}.log</file>
        <append>true</append>
        <encoder class="ch.qos.logback.classic.encoder.PatternLayoutEncoder">
            <pattern>%d{yyyy-MM-dd HH:mm:ss.SSS} [%thread] %-5level %logger{0} - %msg%n
            </pattern>
        </encoder>
    </appender>

    <!-- error文件日志 -->
    <appender name="errorRollingFile" class="ch.qos.logback.core.rolling.RollingFileAppender">
        <!-- 过滤日志 -->
        <filter class="ch.qos.logback.classic.filter.ThresholdFilter">
            <level>ERROR</level>
        </filter>
        <encoder>
            <pattern>
                %msg%n
            </pattern>
        </encoder>
        <!--日志文件输出的文件名-->
        <file>${log.dir}/error_${ymd}_${byMillionSecond}.log</file>
        <append>true</append>
        <!-- 滚动策略 -->
        <rollingPolicy class="ch.qos.logback.core.rolling.TimeBasedRollingPolicy">
            <fileNamePattern>${catalina.base}/logs/scienceManagerError.%d{yyyy-MM-dd}.log</fileNamePattern>
        </rollingPolicy>
        <encoder>
            <!--格式化输出：%d表示日期，%thread表示线程名，%-5level：级别从左显示5个字符宽度%msg：日志消息，%n是换行符-->
            <pattern>%d{HH:mm:ss.SSS} [%thread] %-5level %logger{36}:%L- %msg%n</pattern>
        </encoder>
    </appender>


    <root level="${loglevel:-INFO}">
        <appender-ref ref="STDOUT" />
        <appender-ref ref="FILE" />
        <appender-ref ref="errorRollingFile" />
        <!--
        <appender-ref ref="USER_FILE" />
        <appender-ref ref="BAD_RECORD_FILE" />
        <appender-ref ref="DEV_FILE" />
        <appender-ref ref="DEBUG_FILE" />
        -->
    </root>
</configuration>